id,name
70b106c5-372f-44d1-9bc5-b919d98244d6,Neurology
92a4e678-d6cb-4502-bbea-f9b26266a7ab,Lifestyle
60072bb1-b464-4a9f-83d8-e8fe762d9cc1,Medication
6badfe5d-f761-405a-b6fd-14a611c34928,Allergies
a5da2741-641c-4fa2-ada8-620ac684b072,Neurological
642fcd84-a415-4a91-85bf-00127c40ce89,Respiratory
8f6b4670-03cd-4532-99e0-04e738907a29,Musculoskeletal
76135cd7-0cb8-4004-b408-7538188a97cb,Gastrointestinal
a84162f3-2e71-48f9-9b6b-e9ffa602201c,Cardiovascular
1dd64d88-51f9-41a4-aa41-470e967aefbb,Endocrine
3e855e84-e9db-4868-a54a-289792ca4fd6,Infectious diseases
98c3d55b-c803-49b6-b06f-1a685b751183,Anaesthetic
4ab3e548-56d3-48ff-8489-e97c7cddc79f,Organ dysfunction
